{"step": 0, "loss": 0.0015953617403283715, "_timestamp": 1718628096.0897074, "_runtime": 16.636162281036377, "_step": 19, "_wandb": {"runtime": 16}}