{"step": 0, "loss": 8.187903586076573e-05, "_timestamp": 1718627064.97102, "_runtime": 6.144473075866699, "_step": 0}