{"step": 0, "loss": 8.997828990686685e-05, "_timestamp": 1718627847.0097651, "_runtime": 6.159052133560181, "_step": 0}